Name,Password
ggininder,123
Hello,########################
Yee,########################
RRR,########################
OOO,########################
EEE,########################
AAA,########################
WWW,########################
PPP,a44ba123189855990795e3260a64b34cdae6b29bf1c941818a34cba8bbc45575
ZZZ,292ecf68dd1ba27eef6927a34bdcfe961c87a3aba3710e681b82be91e7024c43
POP,0d1ea4c256cd50a2a7ccbfd22b3d9959f6fd30bd840b9ff3c7c65ee4e21df06d
TEST,0c88cc86a73aa7c4058ff7c0e31d6f105c0ca3575d5a68e060e95d9c84a607a9
